nct_id,num_drugs,has_immuno,has_chemo,has_targeted,num_genes,has_biomarker,phase,sponsor_category
NCT03207529,2,0,0,0,0,0,,Other
NCT04403529,2,0,0,0,0,0,,Academic
NCT06245889,7,1,1,1,0,0,,Other
NCT03792529,1,0,0,0,0,0,,Academic
NCT03692689,1,0,0,0,0,0,,Other
NCT01930292,4,0,1,0,0,0,,Other
NCT02157792,6,0,1,0,0,0,,Academic
NCT04174391,2,0,0,0,0,0,,Academic
NCT06418594,3,0,0,0,0,0,,Academic
NCT02883062,6,1,1,0,0,0,,Academic
NCT05680662,1,0,0,0,0,0,,Other
NCT05483491,2,0,0,0,0,0,,Other
NCT06636591,2,0,0,0,0,0,,Academic
NCT05522491,1,0,0,1,0,0,,Academic
NCT02455791,1,0,0,0,0,0,,Other
NCT01186991,5,0,1,1,0,0,,Other
NCT03872791,2,0,0,0,0,0,,Other
NCT02368691,1,0,0,0,0,0,,Other
NCT05134194,2,0,0,0,0,0,,Other
NCT02679040,3,0,0,0,0,0,,Other
NCT05636644,1,0,0,0,0,0,,Other
NCT04489940,1,0,0,0,0,0,,Academic
NCT06976944,3,1,1,1,0,0,,Other
NCT06229067,4,0,0,0,0,0,,Academic
NCT03199040,4,0,0,0,0,0,,Academic
NCT02706392,2,0,0,0,0,0,,Other
NCT04282044,3,0,0,0,0,0,,Other
NCT04149444,1,0,0,0,0,0,,Other
NCT05846789,2,0,0,0,0,0,,Other
NCT06371989,1,0,0,0,0,0,,Academic
NCT01167192,4,0,1,0,0,0,,Academic
NCT06171789,1,0,0,0,0,0,,Other
NCT04947189,2,0,1,0,0,0,,Academic
NCT04081389,7,0,1,0,0,0,,Academic
NCT04905329,1,0,0,0,0,0,,Other
NCT02587689,1,0,0,0,0,0,,Other
NCT01520389,2,0,0,0,0,0,,Other
NCT05712889,2,0,0,0,0,0,,Other
NCT06084689,1,0,0,0,0,0,,Other
NCT02445391,3,0,1,0,0,0,,Other
NCT02187991,2,0,1,0,0,0,,Other
NCT03473691,1,0,0,0,0,0,,Academic
NCT05064280,2,1,0,0,0,0,,Other
NCT05706129,2,0,0,0,0,0,,Other
NCT04561362,2,1,0,0,0,0,,Other
NCT03075462,2,0,0,0,0,0,,Other
NCT01846091,2,0,0,0,0,0,,Other
NCT05076760,3,1,1,0,0,0,,Other
NCT04434560,2,1,0,0,0,0,,Other
NCT05806060,4,0,0,0,0,0,,Academic
NCT00827567,1,0,0,0,0,0,,Other
NCT06324240,3,1,0,0,0,0,,Academic
NCT03435640,3,1,0,0,0,0,,Other
NCT04464967,3,0,0,1,0,0,,Other
NCT06690840,1,0,0,0,0,0,,Academic
NCT03750240,2,0,0,0,0,0,,Other
NCT01836640,0,0,0,0,0,0,,Other
NCT04907344,3,0,1,0,0,0,,Academic
NCT00528567,2,0,0,1,0,0,,Industry
NCT03168880,2,0,0,0,0,0,,Academic
NCT04664829,2,0,0,0,0,0,,Other
NCT05629429,2,0,0,1,0,0,,Academic
NCT05928780,8,0,0,0,0,0,,Academic
NCT02244580,1,0,0,0,0,0,,Other
NCT06022029,2,0,0,0,0,0,,Other
NCT03109080,2,0,0,1,0,0,,Other
NCT02620280,5,0,1,0,0,0,,Other
NCT05209529,2,0,0,1,0,0,,Other
NCT02041429,2,0,1,0,0,0,,Academic
NCT02807844,2,0,0,0,0,0,,Industry
NCT06081244,2,1,0,0,0,0,,Other
NCT03366844,2,1,0,0,0,0,,Other
NCT05341492,1,0,0,0,0,0,,Academic
NCT06568692,2,0,0,0,0,0,,Other
NCT03256344,2,1,0,0,0,0,,Other
NCT05059444,1,0,0,0,0,0,,Other
NCT03671044,3,0,0,0,0,0,,Other
NCT06224244,2,0,0,0,0,0,,Academic
NCT02003092,1,0,0,0,0,0,,Other
NCT04807192,2,0,0,0,0,0,,Academic
NCT02854644,1,0,0,0,0,0,,Academic
NCT05852691,3,1,0,0,0,0,,Industry
NCT02719691,2,0,0,0,0,0,,Academic
NCT01928394,3,1,0,0,0,0,,Other
NCT00542191,3,0,0,0,0,0,,Other
NCT05208762,2,1,0,0,0,0,,Industry
NCT02425891,3,0,0,0,0,0,,Industry
NCT05491694,6,0,1,0,0,0,,Academic
NCT02393794,3,1,1,0,0,0,,Other
NCT06154291,1,0,0,0,0,0,,Other
NCT03316794,1,0,0,0,0,0,,Other
NCT03318562,1,0,0,0,0,0,,Other
NCT05181462,3,0,1,0,0,0,,Other
NCT03289962,2,1,0,0,0,0,,Other
NCT03849469,2,0,0,0,0,0,,Other
NCT06448169,1,0,0,0,0,0,,Academic
NCT02670668,1,0,0,0,0,0,,Academic
NCT06246968,2,1,0,0,0,0,,Other
NCT05318469,3,1,0,0,0,0,,Other
NCT04906369,1,0,0,0,0,0,,Other
NCT04789668,3,0,0,0,0,0,,Other
NCT04626440,1,0,0,0,0,0,,Other
NCT05537740,2,1,0,0,0,0,,Other
NCT06441240,1,0,0,0,0,0,,Other
NCT04434040,2,1,0,0,0,0,,Academic
NCT05420467,12,0,1,1,0,0,,Academic
NCT03606967,12,0,1,0,0,0,,Academic
NCT01745367,3,0,1,0,0,0,,Other
NCT04890340,1,0,0,0,0,0,,Other
NCT02307240,1,0,0,0,0,0,,Other
NCT06975644,2,0,0,0,0,0,,Academic
NCT06849492,4,0,0,0,0,0,,Academic
NCT05438329,3,1,0,0,0,0,,Other
NCT00918892,3,0,0,0,0,0,,Other
NCT03292172,2,1,0,0,0,0,,Industry
NCT04770272,9,0,1,0,0,0,,Other
NCT05194072,2,1,0,0,0,0,,Industry
NCT02635672,4,0,0,0,0,0,,Other
NCT04664972,2,0,0,0,0,0,,Academic
NCT06910072,1,0,0,0,0,0,,Academic
NCT04216472,2,0,0,0,0,0,,Other
NCT02499367,5,1,1,0,0,0,,Academic
NCT03945604,1,0,0,0,0,0,,Other
NCT06403904,0,0,0,0,0,0,,Other
NCT04249167,3,1,0,0,0,0,,Other
NCT05111067,1,0,0,0,0,0,,Other
NCT03207867,2,0,0,0,0,0,,Industry
NCT03644589,2,1,1,0,0,0,,Academic
NCT02530489,2,1,0,0,0,0,,Other
NCT06157892,2,0,0,0,0,0,,Industry
NCT03122444,1,0,0,0,0,0,,Academic
NCT02125344,8,0,1,1,0,0,,Other
NCT03197389,1,1,0,0,0,0,,Other
NCT04395989,10,0,0,0,0,0,,Academic
NCT03367689,1,0,0,1,0,0,,Other
NCT04095689,3,1,1,0,0,0,,Academic
NCT02657889,2,1,0,0,0,0,,Other
NCT04510129,1,0,0,0,0,0,,Other
NCT05544929,2,1,0,0,0,0,,Industry
NCT04032080,1,0,0,0,0,0,,Academic
NCT06125080,3,0,0,1,0,0,,Other
NCT06635980,12,0,0,0,0,0,,Other
NCT06954480,2,0,0,0,0,0,,Academic
NCT05645380,5,1,1,0,0,0,,Academic
NCT05552001,1,0,0,0,0,0,,Other
NCT02488967,5,0,1,0,0,0,,Other
NCT06926868,6,0,1,0,0,0,,Other
NCT03332368,1,0,0,0,0,0,,Other
NCT06099769,3,0,0,0,0,0,,Other
NCT02993068,5,0,0,0,0,0,,Other
NCT04368468,1,0,0,0,0,0,,Other
NCT05953168,1,0,0,0,0,0,,Academic
NCT05893368,1,0,0,0,0,0,,Other
NCT02630368,4,0,0,0,0,0,,Other
NCT04755868,2,0,0,0,0,0,,Academic
NCT00912444,2,0,0,0,0,0,,Academic
NCT04445844,4,0,0,0,0,0,,Other
NCT06631092,1,0,0,0,0,0,,Other
NCT01910844,2,0,1,0,0,0,,Other
NCT01461044,0,0,0,0,0,0,,Industry
NCT06562192,2,0,0,0,0,0,,Industry
NCT07040644,3,0,0,0,0,0,,Academic
NCT05081492,1,0,0,0,0,0,,Other
NCT04517292,2,0,0,0,0,0,,Academic
NCT05464082,1,0,0,0,0,0,,Academic
NCT02819882,1,0,0,0,0,0,,Other
NCT01434420,1,0,0,0,0,0,,Other
NCT04118062,4,0,0,0,0,0,,Other
NCT06534762,1,0,0,0,0,0,,Academic
NCT04734262,3,0,0,0,0,0,,Academic
NCT02365662,1,0,0,0,0,0,,Other
NCT06259162,1,0,0,0,0,0,,Other
NCT01693562,1,0,0,0,0,0,,Other
NCT02071862,6,0,0,0,0,0,,Other
NCT05769491,0,0,0,0,0,0,,Other
NCT04362462,0,0,0,0,0,0,,Academic
NCT01307891,2,0,0,0,0,0,,Academic
NCT04706962,1,0,0,0,0,0,,Other
NCT03808662,2,0,0,0,0,0,,Other
NCT01232062,0,0,0,0,0,0,,Academic
NCT02624973,16,0,0,0,0,0,,Academic
NCT03739931,2,0,0,0,0,0,,Other
NCT07017673,3,0,1,0,0,0,,Other
NCT06735131,7,0,0,0,0,0,,Academic
NCT05460273,1,0,0,0,0,0,,Industry
NCT06358573,2,0,0,0,0,0,,Other
NCT04373031,2,1,0,0,0,0,,Other
NCT02338531,2,0,0,0,0,0,,Academic
NCT02260531,2,0,0,1,0,0,,Academic
NCT05086731,5,0,0,0,0,0,,Academic
NCT01750073,7,0,1,1,0,0,,Academic
NCT04725331,2,0,0,0,0,0,,Other
NCT02365831,1,0,0,0,0,0,,Other
NCT02993094,2,0,1,0,0,0,,Other
NCT06691594,1,0,0,0,0,0,,Academic
NCT02599194,2,0,0,0,0,0,,Other
NCT03564691,8,1,1,0,0,0,,Other
NCT05000294,2,1,0,0,0,0,,Academic
NCT05422794,7,1,0,0,0,0,,Academic
NCT03328494,2,0,1,0,0,0,,Other
NCT05983094,5,0,1,1,0,0,,Academic
NCT04750382,1,0,0,0,0,0,,Other
NCT06700382,1,0,0,0,0,0,,Other
NCT05492682,3,1,0,0,0,0,,Other
NCT03621982,2,1,0,0,0,0,,Other
NCT05076682,4,0,0,0,0,0,,Academic
NCT03970382,3,1,0,0,0,0,,Other
NCT02227082,2,0,0,1,0,0,,Academic
NCT03243331,2,0,0,0,0,0,,Other
NCT03576131,1,0,0,0,0,0,,Other
NCT05627960,1,0,0,0,0,0,,Other
NCT02929576,3,0,1,0,0,0,,Industry
NCT06938373,0,0,0,0,0,0,,Academic
NCT06235931,1,0,0,0,0,0,,Academic
NCT06649331,4,0,0,0,0,0,,Academic
NCT03992131,3,0,0,0,0,0,,Other
NCT03241173,3,1,0,0,0,0,,Other
NCT04556773,7,0,1,0,0,0,,Industry
NCT06305962,1,0,0,0,0,0,,Other
NCT02536794,4,0,0,0,0,0,,Academic
NCT04293094,1,0,0,0,0,0,,Other
NCT04548960,1,0,0,0,0,0,,Other
NCT03170960,4,1,0,0,0,0,,Industry
NCT04437160,2,0,0,0,0,0,,Other
NCT04178460,1,0,0,0,0,0,,Other
NCT05020860,8,1,1,1,0,0,,Other
NCT03356860,4,0,1,0,0,0,,Other
NCT03362060,2,1,0,0,0,0,,Academic
NCT02681562,1,0,0,1,0,0,,Other
NCT02708680,3,1,0,0,0,0,,Other
NCT06880029,1,0,0,0,0,0,,Academic
NCT07007780,1,0,0,0,0,0,,Academic
NCT03101280,2,1,0,0,0,0,,Industry
NCT02435680,3,0,1,0,0,0,,Industry
NCT01426880,2,0,1,0,0,0,,Other
NCT05763992,1,0,0,0,0,0,,Other
NCT06369831,1,0,0,0,0,0,,Other
NCT02659631,2,0,0,0,0,0,,Industry
NCT05809895,8,1,1,0,0,0,,Industry
NCT00789581,4,0,0,0,0,0,,Other
NCT03580395,3,0,1,0,0,0,,Academic
NCT06682195,1,0,0,0,0,0,,Academic
NCT05088395,2,0,0,0,0,0,,Other
NCT03709446,1,0,0,0,0,0,,Other
NCT02890069,6,0,0,0,0,0,,Industry
NCT04274946,1,0,0,0,0,0,,Academic
NCT03970967,1,0,0,0,0,0,,Other
NCT04331067,7,1,1,0,0,0,,Academic
NCT03752723,3,0,0,0,0,0,,Other
NCT03544723,1,0,0,0,0,0,,Other
NCT05303038,1,0,0,0,0,0,,Academic
NCT02595138,1,0,0,0,0,0,,Other
NCT02041338,3,0,1,0,0,0,,Other
NCT05582538,3,0,0,0,0,0,,Academic
NCT03634150,1,0,0,0,0,0,,Other
NCT03775850,2,1,0,0,0,0,,Other
NCT05520723,3,0,0,0,0,0,,Other
NCT07046923,1,0,0,0,0,0,,Other
NCT02419495,17,1,1,1,0,0,,Other
NCT06405295,1,0,0,0,0,0,,Academic
NCT02788981,3,0,0,0,0,0,,Academic
NCT04131881,0,0,0,0,0,0,,Academic
NCT05541367,0,0,0,0,0,0,,Academic
NCT06027268,4,1,1,0,0,0,,Academic
NCT06274268,1,0,0,0,0,0,,Academic
NCT06347068,3,0,0,0,0,0,,Other
NCT05154201,1,0,0,0,0,0,,Other
NCT04585750,2,1,0,0,0,0,,Other
NCT04291950,1,0,0,0,0,0,,Academic
NCT05973864,3,0,0,0,0,0,,Other
NCT03667612,0,0,0,0,0,0,,Other
NCT04502680,1,0,0,0,0,0,,Academic
NCT01208480,1,0,0,0,0,0,,Academic
NCT04758780,1,0,0,0,0,0,,Other
NCT01928680,1,0,0,0,0,0,,Other
NCT06268327,2,0,0,0,0,0,,Academic
NCT01805076,3,0,0,0,0,0,,Other
NCT06774027,3,0,0,0,0,0,,Academic
NCT00777673,1,0,0,0,0,0,,Academic
NCT02154776,3,0,0,0,0,0,,Industry
NCT02593227,3,0,0,0,0,0,,Other
NCT00532727,2,0,1,0,0,0,,Academic
NCT03017573,2,0,0,0,0,0,,Other
NCT01740427,4,0,0,0,0,0,,Industry
NCT03838367,5,0,0,0,0,0,,Other
NCT06212076,1,0,0,0,0,0,,Other
NCT04802876,2,0,0,0,0,0,,Other
NCT02689427,6,0,1,0,0,0,,Other
NCT03205176,2,0,0,1,0,0,,Industry
NCT03010176,2,1,0,0,0,0,,Other
NCT05288127,1,0,0,0,0,0,,Academic
NCT05086692,2,0,0,0,0,0,,Other
NCT05843292,3,0,0,0,0,0,,Academic
NCT06229392,1,0,0,0,0,0,,Academic
NCT06140576,3,0,0,0,0,0,,Academic
NCT03394027,1,0,0,0,0,0,,Academic
NCT01891227,2,0,0,0,0,0,,Other
NCT04085276,4,0,0,0,0,0,,Other
NCT03150576,2,0,0,1,0,0,,Academic
NCT02027376,2,0,1,0,0,0,,Other
NCT05390476,2,0,0,0,0,0,,Other
NCT06724263,1,0,0,0,0,0,,Other
NCT06402435,1,0,0,0,0,0,,Academic
NCT02750358,2,0,0,0,0,0,,Other
NCT05300958,1,0,0,0,0,0,,Academic
NCT04481763,2,0,0,0,0,0,,Academic
NCT04494958,1,0,0,0,0,0,,Other
NCT03067935,1,0,0,0,0,0,,Other
NCT01127763,2,0,1,0,0,0,,Other
NCT02521363,2,0,0,0,0,0,,Other
NCT03197935,7,0,0,0,0,0,,Industry
NCT02207335,2,0,0,0,0,0,,Academic
NCT02432963,3,1,0,0,0,0,,Other
NCT06313463,2,0,0,0,0,0,,Academic
NCT04577963,2,0,0,0,0,0,,Other
NCT06817525,4,0,0,0,0,0,,Academic
NCT06418139,1,0,0,0,0,0,,Other
NCT05402722,2,0,0,0,0,0,,Academic
NCT06692725,0,0,0,0,0,0,,Academic
NCT03544125,2,0,0,1,0,0,,Academic
NCT05453825,3,0,0,0,0,0,,Other
NCT02352025,1,0,0,0,0,0,,Academic
NCT05238922,7,0,1,1,0,0,,Other
NCT06497322,1,0,0,0,0,0,,Academic
NCT06449222,9,0,1,0,0,0,,Other
NCT01560663,1,0,0,0,0,0,,Other
NCT03978663,1,0,0,0,0,0,,Academic
NCT03280563,8,0,0,1,0,0,,Industry
NCT06646263,0,0,0,0,0,0,,Academic
NCT05388435,1,0,0,0,0,0,,Other
NCT05230186,1,0,0,0,0,0,,Other
NCT01377363,0,0,0,0,0,0,,Other
NCT01287624,2,0,0,0,0,0,,Academic
NCT07064018,3,0,0,0,0,0,,Academic
NCT05057013,2,0,0,0,0,0,,Other
NCT05340413,1,0,0,1,0,0,,Other
NCT06261918,1,0,0,0,0,0,,Other
NCT01445418,1,0,0,0,0,0,,Academic
NCT04159818,3,1,1,0,0,0,,Academic
NCT04188119,3,0,0,0,0,0,,Other
NCT04250818,0,0,0,0,0,0,,Academic
NCT02162719,3,0,1,0,0,0,,Other
NCT04408118,3,1,1,1,0,0,,Other
NCT01939418,3,0,1,0,0,0,,Other
NCT04418219,6,1,0,0,0,0,,Academic
NCT05750719,1,0,0,0,0,0,,Other
NCT03289819,4,1,0,0,0,0,,Other
NCT06203119,0,0,0,0,0,0,,Academic
NCT01372579,3,0,1,0,0,0,,Academic
NCT04134884,2,0,0,0,0,0,,Other
NCT04916002,2,0,0,0,0,0,,Other
NCT01094184,3,0,1,1,0,0,,Industry
NCT06078384,2,0,0,0,0,0,,Other
NCT06337084,2,0,0,0,0,0,,Other
NCT05969184,1,0,0,0,0,0,,Academic
NCT01147484,1,0,0,0,0,0,,Other
NCT03777579,3,0,0,0,0,0,,Other
NCT04514484,5,1,0,0,0,0,,Academic
NCT04260802,2,0,0,0,0,0,,Other
NCT02981303,2,1,0,0,0,0,,Other
NCT02850302,2,0,0,0,0,0,,Other
NCT05741164,6,1,0,0,0,0,,Academic
NCT05296564,4,0,0,0,0,0,,Other
NCT04877821,6,0,1,0,0,0,,Academic
NCT01045421,1,0,0,0,0,0,,Other
NCT05227664,4,0,1,0,0,0,,Other
NCT03815890,3,1,0,0,0,0,,Academic
NCT04461990,1,0,0,0,0,0,,Academic
NCT05461690,1,0,0,0,0,0,,Academic
NCT04365790,0,0,0,0,0,0,,Other
NCT05019690,2,0,0,0,0,0,,Academic
NCT06175390,3,0,0,0,0,0,,Other
NCT04914390,3,0,0,0,0,0,,Academic
NCT03945721,2,0,0,0,0,0,,Academic
NCT06238921,3,0,0,0,0,0,,Academic
NCT06150664,1,0,0,0,0,0,,Other
NCT01234402,3,0,0,0,0,0,,Other
NCT00203502,3,0,1,1,0,0,,Academic
NCT01207102,2,0,1,0,0,0,,Academic
NCT06419621,3,0,0,0,0,0,,Other
NCT06840821,1,0,0,0,0,0,,Other
NCT05949021,1,0,0,0,0,0,,Other
NCT05935384,1,0,0,0,0,0,,Other
NCT06264921,1,0,0,0,0,0,,Other
NCT00749502,1,0,0,0,0,0,,Other
NCT02124902,3,0,1,0,0,0,,Academic
NCT02876302,4,0,1,0,0,0,,Academic
NCT06833502,1,0,0,0,0,0,,Academic
NCT05460702,1,0,0,0,0,0,,Academic
NCT03340402,2,0,0,0,0,0,,Academic
NCT06014502,1,0,0,0,0,0,,Other
NCT06533384,2,0,0,0,0,0,,Academic
NCT01662284,1,0,0,0,0,0,,Academic
NCT04067102,2,0,0,0,0,0,,Academic
NCT06036121,1,0,0,0,0,0,,Other
NCT02936102,2,0,0,0,0,0,,Industry
NCT05770102,1,1,0,0,0,0,,Other
NCT04521621,2,1,0,0,0,0,,Other
NCT00633464,2,0,0,0,0,0,,Other
NCT02402764,1,0,0,0,0,0,,Academic
NCT02950064,1,0,0,0,0,0,,Other
NCT06976021,3,0,0,0,0,0,,Academic
NCT06257264,3,0,0,0,0,0,,Other
NCT05336721,2,0,0,0,0,0,,Other
NCT05404321,1,0,0,0,0,0,,Other
NCT05955521,1,0,0,0,0,0,,Other
NCT00546364,3,0,0,0,0,0,,Other
NCT06279364,6,0,1,0,0,0,,Other
NCT04292821,0,0,0,0,0,0,,Other
NCT06681064,0,0,0,0,0,0,,Other
NCT03742102,6,0,1,0,0,0,,Industry
NCT01015521,1,0,0,0,0,0,,Other
NCT03414684,2,1,1,0,0,0,,Academic
NCT01837602,1,0,0,0,0,0,,Academic
NCT05447702,5,0,0,0,0,0,,Academic
NCT05677802,4,0,0,0,0,0,,Academic
NCT06299202,1,0,0,0,0,0,,Other
NCT03125902,3,0,1,0,0,0,,Industry
NCT06409221,1,0,0,0,0,0,,Other
NCT04592484,1,0,0,0,0,0,,Other
NCT04549584,1,0,0,0,0,0,,Academic
NCT04927884,4,0,0,0,0,0,,Other
NCT05675579,2,1,0,0,0,0,,Other
NCT06225284,1,0,0,0,0,0,,Academic
NCT00691379,3,0,1,1,0,0,,Other
NCT06112379,10,1,1,1,0,0,,Industry
NCT03383679,2,0,0,0,0,0,,Other
NCT03799679,1,0,0,0,0,0,,Academic
NCT01042379,43,0,0,0,0,0,,Other
NCT02161679,2,0,0,0,0,0,,Other
NCT05451784,1,0,0,0,0,0,,Other
NCT06238479,1,0,0,0,0,0,,Other
NCT04683679,3,1,0,1,0,0,,Other
NCT04803084,3,0,0,0,0,0,,Other
NCT05252390,3,0,0,1,0,0,,Other
NCT04980690,1,0,0,0,0,0,,Other
NCT02734290,3,1,1,0,0,0,,Other
NCT04925284,3,1,0,1,0,0,,Industry
NCT06136884,1,0,0,0,0,0,,Other
NCT02900664,5,0,0,0,0,0,,Industry
NCT06103864,7,1,1,0,0,0,,Industry
NCT04874064,1,0,0,0,0,0,,Academic
NCT06291064,6,0,1,0,0,0,,Academic
NCT02945579,5,0,0,0,0,0,,Other
NCT03457779,1,0,0,0,0,0,,Academic
NCT04809779,1,0,0,0,0,0,,Academic
NCT01250379,2,0,0,0,0,0,,Industry
NCT06434064,7,0,0,0,0,0,,Academic
NCT01779479,2,0,1,0,0,0,,Other
NCT01071564,5,0,0,0,0,0,,Academic
NCT06991790,1,0,0,0,0,0,,Academic
NCT06220214,3,0,0,0,0,0,,Other
NCT02658214,9,0,0,0,0,0,,Industry
NCT02263495,3,0,1,0,0,0,,Other
NCT04584255,2,0,0,0,0,0,,Academic
NCT05546255,2,0,0,0,0,0,,Other
NCT06618014,3,0,1,0,0,0,,Academic
NCT07046195,0,0,0,0,0,0,,Academic
NCT03761914,4,1,0,0,0,0,,Other
NCT05495295,2,0,0,0,0,0,,Other
NCT03893955,5,0,1,0,0,0,,Other
NCT04690855,3,1,0,0,0,0,,Other
NCT04582955,1,0,0,0,0,0,,Academic
NCT02574455,5,0,0,0,0,0,,Other
NCT02259114,1,0,0,0,0,0,,Other
NCT02897050,6,0,1,0,0,0,,Academic
NCT01619514,0,0,0,0,0,0,,Academic
NCT06135714,4,0,0,0,0,0,,Academic
NCT06240195,1,0,0,0,0,0,,Academic
NCT02743910,2,0,0,0,0,0,,Other
NCT01698281,3,0,0,0,0,0,,Other
NCT06084481,1,0,0,0,0,0,,Other
NCT01612910,2,0,0,0,0,0,,Academic
NCT05730010,0,0,0,0,0,0,,Academic
NCT04061408,1,0,0,0,0,0,,Academic
NCT00972023,2,0,0,0,0,0,,Academic
NCT02838823,1,0,0,0,0,0,,Other
NCT01969643,2,0,0,1,0,0,,Other
NCT02779855,2,0,1,0,0,0,,Academic
NCT04052555,5,0,0,0,0,0,,Academic
NCT05916755,8,1,0,0,0,0,,Academic
NCT06422455,6,0,0,0,0,0,,Academic
NCT02284581,0,0,0,0,0,0,,Other
NCT03613181,2,0,0,0,0,0,,Other
NCT03150810,2,0,0,0,0,0,,Other
NCT00031681,3,0,0,0,0,0,,Academic
NCT02575781,1,0,0,0,0,0,,Other
NCT01837095,1,0,0,0,0,0,,Other
NCT02978495,4,0,1,0,0,0,,Academic
NCT02322814,5,1,1,0,0,0,,Industry
NCT00483223,2,0,1,0,0,0,,Academic
NCT04068623,1,0,0,0,0,0,,Other
NCT01677455,1,0,0,0,0,0,,Other
NCT02802423,1,0,0,0,0,0,,Other
NCT01281150,5,0,1,0,0,0,,Academic
NCT05816655,2,0,0,0,0,0,,Academic
NCT01194908,1,0,0,0,0,0,,Academic
NCT01391143,1,0,0,0,0,0,,Other
NCT05698238,1,0,0,0,0,0,,Other
NCT03154190,4,0,0,0,0,0,,Academic
NCT03756090,5,0,1,0,0,0,,Academic
NCT03861403,3,0,0,0,0,0,,Other
NCT04059003,1,0,0,0,0,0,,Academic
NCT00499603,5,0,1,0,0,0,,Other
NCT05089643,2,0,0,0,0,0,,Other
NCT03206203,4,1,1,0,0,0,,Other
NCT03620643,2,0,0,0,0,0,,Other
NCT03291938,3,0,0,0,0,0,,Other
NCT04031703,6,0,1,0,0,0,,Academic
NCT05889390,5,0,1,0,0,0,,Academic
NCT02834403,5,0,1,0,0,0,,Academic
NCT07038369,2,0,0,0,0,0,,Other
NCT02644369,1,1,0,0,0,0,,Academic
NCT01617668,2,0,1,0,0,0,,Industry
NCT05742269,1,0,0,0,0,0,,Academic
NCT06335069,1,0,0,0,0,0,,Academic
NCT03219268,11,0,0,0,0,0,,Other
NCT01194869,3,0,1,0,0,0,,Academic
NCT02977468,2,0,0,0,0,0,,Other
NCT01057069,3,0,0,0,0,0,,Academic
NCT05929768,10,1,1,0,0,0,,Other
NCT06931769,0,0,0,0,0,0,,Academic
NCT06465069,1,0,0,0,0,0,,Other
NCT05099068,1,0,0,0,0,0,,Other
NCT02120469,4,0,0,0,0,0,,Other
NCT02957968,6,1,1,0,0,0,,Academic
NCT03974204,3,0,0,0,0,0,,Other
NCT03358004,2,0,0,0,0,0,,Academic
NCT02768701,2,1,0,0,0,0,,Other
NCT02755272,3,1,1,0,0,0,,Other
NCT04265872,1,0,0,0,0,0,,Academic
NCT06879704,1,0,0,0,0,0,,Other
NCT02513472,2,1,0,0,0,0,,Other
NCT00608972,3,0,1,1,0,0,,Academic
NCT01421472,2,0,1,0,0,0,,Other
NCT05490472,2,0,0,0,0,0,,Other
NCT02595372,1,0,0,0,0,0,,Other
NCT01045304,3,0,1,0,0,0,,Other
NCT00894504,3,0,1,0,0,0,,Other
NCT06433804,1,0,0,0,0,0,,Academic
NCT03829501,2,1,0,0,0,0,,Other
NCT04762901,6,0,1,0,0,0,,Academic
NCT05581004,3,1,0,0,0,0,,Other
NCT04314401,6,0,0,0,0,0,,Academic
NCT04123704,1,0,0,0,0,0,,Other
NCT04297267,2,0,1,0,0,0,,Academic
NCT06974604,1,0,0,0,0,0,,Academic
NCT02202746,1,0,0,0,0,0,,Other
NCT04335669,2,0,0,0,0,0,,Academic
NCT01276769,2,0,0,0,0,0,,Other
NCT06598046,1,0,0,0,0,0,,Academic
NCT03303846,3,0,0,0,0,0,,Other
NCT04504669,2,0,0,0,0,0,,Industry
NCT04001569,1,0,0,0,0,0,,Academic
NCT04606472,1,0,0,0,0,0,,Other
NCT02484404,3,0,0,1,0,0,,Academic
NCT03076372,1,0,0,0,0,0,,Other
NCT06400472,3,0,1,1,0,0,,Other
NCT03579472,2,0,0,0,0,0,,Other
NCT03997968,4,0,0,0,0,0,,Other
NCT04981119,3,0,0,0,0,0,,Other
NCT04722718,1,0,0,0,0,0,,Other
NCT06768931,1,0,0,0,0,0,,Academic
NCT02637531,2,1,0,0,0,0,,Other
NCT03720431,1,0,0,0,0,0,,Other
NCT06545331,2,1,0,0,0,0,,Industry
NCT05466760,1,0,0,0,0,0,,Academic
NCT03875313,2,0,0,0,0,0,,Other
NCT04025216,3,0,0,0,0,0,,Other
NCT03393416,2,0,0,0,0,0,,Other
NCT04243616,5,0,1,0,0,0,,Other
NCT04102618,4,1,0,1,0,0,,Other
NCT01141530,1,0,0,0,0,0,,Academic
NCT04699630,1,0,0,0,0,0,,Other
NCT04039230,2,0,0,0,0,0,,Academic
NCT02616848,2,0,0,0,0,0,,Other
NCT06845319,3,1,1,0,0,0,,Academic
NCT06195618,1,0,0,0,0,0,,Other
NCT03733119,2,0,0,0,0,0,,Academic
NCT06526819,1,0,0,0,0,0,,Other
NCT02819518,6,1,1,0,0,0,,Other
NCT01351103,2,0,0,0,0,0,,Industry
NCT05198843,2,0,0,0,0,0,,Academic
NCT03002103,3,0,1,0,0,0,,Other
NCT02447003,1,1,0,0,0,0,,Other
NCT02276443,5,0,0,0,0,0,,Other
NCT01849250,2,0,0,0,0,0,,Academic
NCT03098550,2,1,0,0,0,0,,Other
NCT05654623,2,0,0,0,0,0,,Industry
NCT04130750,1,0,0,0,0,0,,Academic
NCT03301350,6,0,1,0,0,0,,Academic
NCT05445050,1,0,0,0,0,0,,Academic
NCT03243838,1,0,0,0,0,0,,Academic
NCT02476955,3,0,0,0,0,0,,Other
NCT07046455,1,0,0,0,0,0,,Academic
NCT06831955,3,0,0,0,0,0,,Other
NCT05722795,1,0,0,0,0,0,,Other
NCT01957514,4,0,0,0,0,0,,Academic
NCT05694364,3,0,0,0,0,0,,Academic
NCT04508803,4,0,0,0,0,0,,Academic
NCT04365803,1,0,0,0,0,0,,Academic
NCT02688803,3,0,0,0,0,0,,Academic
NCT06309290,2,0,0,0,0,0,,Other
NCT02926690,1,0,0,0,0,0,,Other
NCT01587703,1,0,0,0,0,0,,Other
NCT04192903,1,0,0,0,0,0,,Academic
NCT06612203,1,0,0,0,0,0,,Other
NCT02423603,3,0,1,0,0,0,,Academic
NCT05609903,1,0,0,0,0,0,,Other
NCT05005403,3,0,0,1,0,0,,Other
NCT06795503,2,0,0,0,0,0,,Academic
NCT06385990,1,0,0,0,0,0,,Academic
NCT07054190,3,0,0,0,0,0,,Industry
NCT05132790,3,0,0,0,0,0,,Academic
NCT04849364,4,1,0,0,0,0,,Other
NCT05862064,2,0,0,0,0,0,,Academic
NCT03997123,3,0,1,0,0,0,,Industry
NCT03650738,1,0,0,0,0,0,,Academic
NCT05445908,2,0,0,0,0,0,,Other
NCT03979508,2,0,0,0,0,0,,Other
NCT03449108,9,1,0,0,0,0,,Other
NCT06732323,2,0,0,0,0,0,,Other
NCT06210438,1,0,0,0,0,0,,Academic
NCT00603408,3,0,1,0,0,0,,Academic
NCT07011823,1,0,0,0,0,0,,Academic
NCT03390608,14,0,0,0,0,0,,Academic
NCT00733408,3,0,0,1,0,0,,Academic
NCT04501523,2,0,0,0,0,0,,Academic
NCT06833723,1,0,0,0,0,0,,Academic
NCT01375023,2,0,0,0,0,0,,Academic
NCT03369223,3,1,0,0,0,0,,Other
NCT01738438,1,0,0,0,0,0,,Academic
NCT01333423,2,0,0,0,0,0,,Other
NCT01889238,1,0,0,0,0,0,,Industry
NCT02370238,3,0,1,0,0,0,,Other
NCT04177108,5,1,1,0,0,0,,Industry
NCT03577743,1,0,0,1,0,0,,Academic
NCT02201381,1,0,0,0,0,0,,Other
NCT02762981,1,0,0,0,0,0,,Other
NCT04438681,0,0,0,0,0,0,,Other
NCT06636981,2,0,0,0,0,0,,Academic
NCT01467310,1,0,0,0,0,0,,Other
NCT02457910,4,0,0,0,0,0,,Other
NCT06532812,5,1,0,0,0,0,,Other
NCT00754312,1,0,0,0,0,0,,Other
NCT03822312,2,0,0,0,0,0,,Academic
NCT03483012,2,1,0,0,0,0,,Academic
NCT02554812,5,0,0,0,0,0,,Industry
NCT05300412,0,0,0,0,0,0,,Academic
NCT05314114,1,0,0,0,0,0,,Academic
NCT04596150,2,0,0,0,0,0,,Other
NCT02792114,3,0,0,0,0,0,,Other
NCT05309655,5,0,0,0,0,0,,Academic
NCT04915755,2,0,0,0,0,0,,Other
NCT06889610,2,0,0,0,0,0,,Academic
NCT02427581,2,0,0,0,0,0,,Academic
NCT05862610,2,0,0,0,0,0,,Academic
NCT04111510,1,0,0,0,0,0,,Academic
NCT06407310,3,1,1,0,0,0,,Other
NCT03126110,3,1,0,0,0,0,,Other
NCT05269381,4,1,0,0,0,0,,Other
NCT02348281,1,0,0,0,0,0,,Academic
NCT03917381,4,0,0,0,0,0,,Other
NCT05910710,1,0,0,0,0,0,,Other
NCT02454010,1,0,0,0,0,0,,Other
NCT04584112,11,1,1,0,0,0,,Industry
NCT01031446,4,0,1,0,0,0,,Other
NCT03801369,7,0,0,1,0,0,,Other
NCT03094169,1,0,0,0,0,0,,Other
NCT03901469,2,0,0,0,0,0,,Other
NCT01176669,1,0,0,0,0,0,,Academic
NCT06617169,1,0,0,0,0,0,,Other
NCT06059469,1,0,0,0,0,0,,Academic
NCT06700369,0,0,0,0,0,0,,Other
NCT06281210,1,0,0,0,0,0,,Academic
NCT05082610,2,1,0,0,0,0,,Other
NCT06920810,1,0,0,0,0,0,,Academic
NCT05008510,3,0,0,0,0,0,,Other
NCT00580112,2,0,0,0,0,0,,Other
NCT05276310,1,0,0,0,0,0,,Other
NCT05872412,4,0,1,0,0,0,,Academic
NCT05396612,1,0,0,0,0,0,,Other
NCT01105312,8,0,0,0,0,0,,Other
NCT06627712,2,0,0,0,0,0,,Academic
NCT06349512,1,0,0,0,0,0,,Other
NCT03055312,2,0,0,0,0,0,,Academic
NCT05390710,1,0,0,0,0,0,,Other
NCT05374512,6,0,1,0,0,0,,Industry
NCT05918133,2,0,0,0,0,0,,Other
NCT02393287,1,0,0,0,0,0,,Other
NCT06224387,1,0,0,0,0,0,,Other
NCT06238687,1,0,0,0,0,0,,Other
NCT06577987,1,0,0,0,0,0,,Other
NCT05528133,2,0,0,0,0,0,,Academic
NCT01953536,5,0,0,0,0,0,,Other
NCT01498536,1,0,0,0,0,0,,Academic
NCT06637306,4,1,1,0,0,0,,Other
NCT05555706,1,0,0,0,0,0,,Other
NCT05180006,4,0,0,1,0,0,,Other
NCT04799249,4,0,1,0,0,0,,Other
NCT05759949,5,0,0,0,0,0,,Other
NCT04879849,3,1,0,0,0,0,,Other
NCT01618136,3,0,0,0,0,0,,Other
NCT05451849,3,0,0,0,0,0,,Other
NCT02366949,2,0,1,0,0,0,,Other
NCT06404736,3,0,1,0,0,0,,Academic
NCT06247449,3,0,0,0,0,0,,Other
NCT03742349,6,0,0,0,0,0,,Industry
NCT06992336,3,0,0,0,0,0,,Academic
NCT01674842,2,0,1,0,0,0,,Academic
NCT04060342,3,1,0,0,0,0,,Other
NCT03464942,2,1,0,0,0,0,,Other
NCT06349642,2,0,0,0,0,0,,Other
NCT05383170,2,0,0,0,0,0,,Other
NCT04669899,2,0,0,0,0,0,,Other
NCT04452370,1,0,0,0,0,0,,Other
NCT02225470,2,0,0,0,0,0,,Other
NCT05097599,7,0,0,0,0,0,,Other
NCT02938442,4,0,1,0,0,0,,Academic
NCT01910870,2,0,1,0,0,0,,Other
NCT05810870,2,0,0,0,0,0,,Other
NCT06977542,1,0,0,0,0,0,,Academic
NCT04159142,2,0,0,0,0,0,,Academic
NCT07054242,1,0,0,0,0,0,,Academic
NCT05958199,1,0,0,0,0,0,,Other
NCT03499899,3,0,1,0,0,0,,Industry
NCT04107142,1,0,0,0,0,0,,Other
NCT04892342,1,0,0,0,0,0,,Other
NCT04296942,4,0,0,0,0,0,,Academic
NCT01097642,2,0,0,0,0,0,,Academic
NCT01074970,3,0,1,0,0,0,,Other
NCT03077776,3,0,0,0,0,0,,Other
NCT02732860,1,0,0,0,0,0,,Academic
NCT02698176,1,0,0,0,0,0,,Other
NCT03596073,2,0,0,0,0,0,,Academic
NCT04142931,1,0,0,0,0,0,,Other
NCT02448576,1,0,0,0,0,0,,Other
NCT01732276,1,0,0,0,0,0,,Academic
NCT03982173,2,0,0,0,0,0,,Other
NCT06894173,0,0,0,0,0,0,,Other
NCT06224673,4,0,0,0,0,0,,Other
NCT03911973,2,0,0,0,0,0,,Other
NCT03746431,4,0,0,0,0,0,,Other
NCT05888831,2,1,0,0,0,0,,Other
NCT00817531,1,0,0,0,0,0,,Other
NCT01984866,0,0,0,0,0,0,,Academic
NCT01525966,3,0,1,0,0,0,,Other
NCT04140526,3,1,1,0,0,0,,Other
NCT04442126,1,0,0,0,0,0,,Other
NCT05255666,2,1,0,0,0,0,,Academic
NCT03797326,2,1,0,0,0,0,,Other
NCT03218826,4,0,1,0,0,0,,Academic
NCT01986426,4,0,0,0,0,0,,Other
NCT04768426,1,0,0,0,0,0,,Academic
NCT04443348,7,1,1,0,0,0,,Other
NCT03639948,4,1,1,0,0,0,,Academic
NCT04985357,0,0,0,0,0,0,,Other
NCT03000257,3,0,0,0,0,0,,Other
NCT02316457,2,0,0,0,0,0,,Other
NCT06249048,2,0,0,0,0,0,,Other
NCT01982448,2,0,1,0,0,0,,Academic
NCT05097248,3,0,0,0,0,0,,Academic
NCT06266026,1,0,0,0,0,0,,Other
NCT05981326,3,0,0,0,0,0,,Other
NCT06678048,1,0,0,0,0,0,,Academic
NCT03487666,2,1,0,0,0,0,,Academic
NCT05579366,4,1,1,1,0,0,,Other
NCT03952325,7,1,0,0,0,0,,Other
NCT04224922,4,0,1,0,0,0,,Other
NCT06657222,1,0,0,0,0,0,,Other
NCT01111825,2,0,0,0,0,0,,Other
NCT01204125,2,0,1,0,0,0,,Other
NCT04669522,0,0,0,0,0,0,,Academic
NCT04432857,2,1,0,0,0,0,,Other
NCT01695057,3,0,0,0,0,0,,Academic
NCT02615457,1,0,0,0,0,0,,Academic
NCT04993625,1,0,0,0,0,0,,Other
NCT06878625,2,0,0,0,0,0,,Academic
NCT03130439,1,0,0,0,0,0,,Academic
NCT04301739,3,0,0,0,0,0,,Other
NCT04226222,1,0,0,0,0,0,,Other
NCT05783622,1,0,0,0,0,0,,Other
NCT05358639,2,0,0,0,0,0,,Other
NCT05830539,2,0,0,0,0,0,,Other
NCT00618657,6,0,1,1,0,0,,Academic
NCT02456857,4,0,0,1,0,0,,Other
NCT06586957,1,0,0,0,0,0,,Other
NCT05088057,4,0,1,0,0,0,,Other
NCT01639248,1,0,0,0,0,0,,Other
NCT02555657,5,1,0,0,0,0,,Other
NCT05978648,8,0,1,1,0,0,,Other
NCT02580448,1,0,0,0,0,0,,Other
NCT04152057,3,0,0,1,0,0,,Academic
NCT02685657,4,0,1,0,0,0,,Other
NCT06802757,6,1,1,0,0,0,,Academic
NCT03071757,2,0,0,0,0,0,,Other
NCT03863457,1,0,0,0,0,0,,Other
NCT06399757,1,0,0,0,0,0,,Other
NCT02489448,1,0,0,0,0,0,,Academic
NCT06787339,1,0,0,0,0,0,,Academic
NCT04045522,1,0,0,0,0,0,,Academic
NCT03616886,4,0,1,0,0,0,,Academic
NCT02222922,4,0,0,0,0,0,,Industry
NCT05957939,1,0,0,0,0,0,,Other
NCT02178722,2,0,0,0,0,0,,Other
NCT03546686,5,1,0,0,0,0,,Academic
NCT05842148,3,0,0,0,0,0,,Academic
NCT04176848,2,0,0,0,0,0,,Other
NCT02627430,4,0,0,0,0,0,,Academic
NCT03310957,2,1,0,0,0,0,,Other
NCT02632448,2,0,0,0,0,0,,Other
NCT06337630,1,0,0,0,0,0,,Other
NCT06878248,1,0,0,0,0,0,,Other
NCT05632848,1,0,0,0,0,0,,Academic
NCT03444025,1,0,0,0,0,0,,Academic
NCT02996825,5,0,0,0,0,0,,Other
NCT02730130,2,1,0,0,0,0,,Other
NCT01575522,2,0,0,0,0,0,,Academic
NCT01975831,2,0,0,0,0,0,,Academic
NCT03589339,4,1,0,0,0,0,,Other
NCT06246786,1,0,0,0,0,0,,Other
NCT02676986,2,0,0,0,0,0,,Academic
NCT04803539,2,0,0,0,0,0,,Academic
NCT05821686,1,0,0,0,0,0,,Other
NCT05382286,6,1,1,0,0,0,,Other
NCT05774886,1,0,0,0,0,0,,Academic
NCT02921152,1,0,0,0,0,0,,Academic
NCT05435352,1,0,0,0,0,0,,Other
NCT03295552,2,0,1,0,0,0,,Academic
NCT02624700,4,0,0,0,0,0,,Academic
NCT01238952,1,0,0,0,0,0,,Other
NCT05909332,2,0,0,0,0,0,,Academic
NCT06273800,1,0,0,0,0,0,,Academic
NCT01251900,0,0,0,0,0,0,,Academic
NCT05306600,1,0,0,0,0,0,,Academic
NCT02358200,3,0,1,0,0,0,,Other
NCT05757232,0,0,0,0,0,0,,Other
NCT06959537,3,0,0,0,0,0,,Other
NCT06052852,2,0,0,0,0,0,,Other
NCT05174832,4,1,1,1,0,0,,Academic
NCT01306032,2,0,0,0,0,0,,Academic
NCT06793332,1,0,0,0,0,0,,Academic
NCT06274515,1,0,0,0,0,0,,Industry
NCT06582615,7,0,0,0,0,0,,Academic
NCT02247037,1,0,0,0,0,0,,Other
NCT01629615,1,0,0,0,0,0,,Other
NCT04148937,2,1,0,0,0,0,,Other
NCT03106415,3,1,0,0,0,0,,Other
NCT02509507,2,1,0,0,0,0,,Other
NCT05902988,1,0,0,0,0,0,,Other
NCT02158507,1,0,0,0,0,0,,Academic
NCT05272709,2,0,0,0,0,0,,Other
NCT01990209,1,0,0,0,0,0,,Other
NCT05953909,3,0,0,0,0,0,,Academic
NCT02670109,5,0,1,0,0,0,,Other
NCT06371807,1,0,0,0,0,0,,Other
NCT02876107,4,0,1,0,0,0,,Other
NCT05504707,2,0,0,0,0,0,,Academic
NCT06189209,1,0,0,0,0,0,,Other
NCT02101385,2,0,0,0,0,0,,Other
NCT02607215,2,0,0,0,0,0,,Academic
NCT04300556,4,0,0,0,0,0,,Other
NCT05675085,1,0,0,0,0,0,,Other
NCT02720185,3,0,0,0,0,0,,Academic
NCT03818685,3,1,0,0,0,0,,Other
NCT00546156,4,0,1,1,0,0,,Other
NCT06104085,1,0,0,0,0,0,,Academic
NCT04580485,2,0,0,0,0,0,,Other
NCT04551885,5,0,0,0,0,0,,Other
NCT01138085,2,0,0,0,0,0,,Other
NCT01165385,2,0,1,0,0,0,,Other
NCT00759785,1,0,0,0,0,0,,Other
NCT06230185,0,0,0,0,0,0,,Other
NCT04609215,1,0,0,0,0,0,,Other
NCT06150885,1,0,0,0,0,0,,Other
NCT05806385,2,0,0,0,0,0,,Academic
NCT05550415,2,0,0,0,0,0,,Academic
NCT05266937,1,0,0,0,0,0,,Other
NCT03562637,3,0,0,0,0,0,,Other
NCT03717415,2,0,1,0,0,0,,Other
NCT05339685,1,0,0,0,0,0,,Other
NCT06039956,1,0,0,0,0,0,,Other
NCT02752685,2,1,0,0,0,0,,Other
NCT02506556,1,0,0,0,0,0,,Other
NCT03345485,7,0,0,0,0,0,,Other
NCT02379585,6,0,1,1,0,0,,Other
NCT03304756,1,0,0,0,0,0,,Other
NCT02628132,2,0,1,0,0,0,,Academic
NCT01790932,1,0,0,0,0,0,,Academic
NCT04024800,2,1,0,0,0,0,,Other
NCT03277352,3,1,0,0,0,0,,Other
NCT06273852,1,0,0,0,0,0,,Other
NCT04244552,3,1,0,0,0,0,,Other
NCT02789332,5,0,0,0,0,0,,Other
NCT01669252,1,0,0,0,0,0,,Other
NCT05329532,3,1,0,0,0,0,,Other
NCT04460456,3,1,0,0,0,0,,Other
NCT06154109,3,0,0,0,0,0,,Other
NCT04030507,1,0,0,0,0,0,,Academic
NCT03554109,16,0,1,0,0,0,,Other
NCT04837209,3,0,0,0,0,0,,Academic
NCT03853707,7,1,1,0,0,0,,Other
NCT03971409,6,0,0,0,0,0,,Other
NCT02898207,2,0,0,1,0,0,,Academic
NCT05035407,4,0,0,0,0,0,,Academic
NCT03333915,1,0,0,0,0,0,,Other
NCT03417115,0,0,0,0,0,0,,Other
NCT04241237,1,0,0,0,0,0,,Academic
NCT02014337,1,0,0,0,0,0,,Other
NCT04454437,1,0,0,0,0,0,,Other
NCT01009437,2,0,0,0,0,0,,Academic
NCT04895709,3,0,1,0,0,0,,Other
NCT00721409,3,0,0,0,0,0,,Industry
NCT04230109,2,1,0,0,0,0,,Academic
NCT06771609,2,0,0,0,0,0,,Academic
NCT00986609,6,0,0,0,0,0,,Other
NCT05989828,13,0,0,0,0,0,,Academic
NCT05914961,0,0,0,0,0,0,,Academic
NCT01662128,1,0,0,0,0,0,,Academic
NCT02971761,3,1,0,0,0,0,,Other
NCT03538028,1,0,0,0,0,0,,Other
NCT03411161,3,0,1,0,0,0,,Other
NCT01653561,1,0,0,0,0,0,,Academic
NCT04861077,1,0,0,0,0,0,,Academic
NCT04137653,2,0,0,0,0,0,,Academic
NCT03599453,6,1,0,0,0,0,,Academic
NCT04985253,1,0,0,0,0,0,,Other
NCT03012477,2,0,1,0,0,0,,Academic
NCT03891953,2,0,0,0,0,0,,Industry
NCT06994377,1,0,0,0,0,0,,Academic
NCT01676753,2,1,0,0,0,0,,Other
NCT05169853,0,0,0,0,0,0,,Academic
NCT02723877,2,0,0,0,0,0,,Other
NCT03475953,5,0,0,0,0,0,,Other
NCT06840483,1,0,0,0,0,0,,Other
NCT07005583,1,0,0,0,0,0,,Academic
NCT01292083,7,0,0,0,0,0,,Academic
NCT02984683,1,0,0,0,0,0,,Other
NCT05491083,2,0,0,0,0,0,,Academic
NCT06460298,2,0,0,0,0,0,,Other
NCT06468098,2,0,0,0,0,0,,Other
NCT00861705,6,0,1,1,0,0,,Academic
NCT00940498,1,0,0,0,0,0,,Industry
NCT05891197,0,0,0,0,0,0,,Other
NCT02365805,3,0,0,0,0,0,,Other
NCT05216432,7,0,0,0,0,0,,Other
NCT02078752,2,0,0,0,0,0,,Industry
NCT04726332,4,0,0,0,0,0,,Industry
NCT06355037,3,0,0,0,0,0,,Academic
NCT03186937,1,0,0,0,0,0,,Academic
NCT01363232,1,0,0,0,0,0,,Industry
NCT01333137,2,0,0,0,0,0,,Other
NCT01969032,1,0,0,0,0,0,,Other
NCT05037825,1,0,0,0,0,0,,Other
NCT01116648,8,0,0,1,0,0,,Academic
NCT01881230,3,0,1,0,0,0,,Other
NCT06353997,2,1,0,0,0,0,,Other
NCT01173497,1,0,0,0,0,0,,Other
NCT05955105,2,0,0,0,0,0,,Other
NCT03981705,1,0,0,0,0,0,,Academic
NCT06471205,2,0,0,0,0,0,,Other
NCT03197805,1,0,0,0,0,0,,Other
NCT06225505,2,0,0,0,0,0,,Other
NCT04332653,2,0,0,0,0,0,,Other
NCT02309177,4,1,1,0,0,0,,Other
NCT03652077,1,0,0,0,0,0,,Other
NCT01289353,2,0,1,0,0,0,,Other
NCT05831553,1,0,0,0,0,0,,Other
NCT07018505,1,0,0,0,0,0,,Academic
NCT03674242,3,0,1,0,0,0,,Other
NCT00887575,3,0,1,0,0,0,,Other
NCT06008275,2,0,0,0,0,0,,Academic
NCT06825975,1,0,0,0,0,0,,Academic
NCT04296175,7,0,1,0,0,0,,Academic
NCT01401959,2,0,0,1,0,0,,Other
NCT04718675,1,0,0,0,0,0,,Other
NCT02812875,1,0,0,0,0,0,,Other
NCT03253575,1,0,0,0,0,0,,Other
NCT06746870,4,0,0,0,0,0,,Other
NCT06134375,3,1,0,0,0,0,,Other
NCT04313075,1,0,0,0,0,0,,Other
NCT02208375,5,0,0,1,0,0,,Other
NCT01349959,4,0,0,0,0,0,,Academic
NCT04020575,2,0,0,0,0,0,,Other
NCT02672475,3,0,1,0,0,0,,Other
NCT01111175,0,0,0,0,0,0,,Other
NCT05749575,1,0,0,0,0,0,,Academic
NCT03480659,0,0,0,0,0,0,,Other
NCT06492759,11,1,1,0,0,0,,Academic
NCT05082259,2,1,0,0,0,0,,Academic
NCT02737475,6,1,0,0,0,0,,Other
NCT00601159,1,0,0,0,0,0,,Academic
NCT06533059,1,0,0,0,0,0,,Other
NCT04691375,2,0,0,0,0,0,,Other
NCT02685059,5,0,0,0,0,0,,Other
NCT01562275,2,0,0,0,0,0,,Other
NCT01130259,1,0,0,0,0,0,,Other
NCT02637375,4,0,1,0,0,0,,Academic
NCT01104259,5,0,1,0,0,0,,Academic
NCT02950259,4,0,0,0,0,0,,Other
NCT03715959,2,0,0,0,0,0,,Academic
NCT04457700,0,0,0,0,0,0,,Academic
NCT05586659,0,0,0,0,0,0,,Academic
NCT03361800,1,0,0,0,0,0,,Other
NCT04461600,1,0,0,0,0,0,,Other
NCT06999187,1,0,0,0,0,0,,Other
NCT03281954,2,1,0,0,0,0,,Other
NCT01997333,2,0,0,0,0,0,,Other
NCT00371254,2,0,0,0,0,0,,Other
NCT04315233,2,0,0,0,0,0,,Academic
NCT01238133,6,0,1,0,0,0,,Academic
NCT02441933,2,0,0,0,0,0,,Academic
NCT05967533,1,0,0,0,0,0,,Academic
NCT01378533,1,0,0,0,0,0,,Other
NCT04520386,1,0,0,0,0,0,,Other
NCT03044730,3,1,0,0,0,0,,Academic
NCT07018427,1,0,0,0,0,0,,Academic
NCT03674827,1,0,0,0,0,0,,Industry
NCT02474173,4,0,1,0,0,0,,Academic
NCT06767527,3,0,0,0,0,0,,Other
NCT03244358,1,0,0,0,0,0,,Academic
NCT05498896,5,1,1,0,0,0,,Academic
NCT04348916,2,1,0,0,0,0,,Other
NCT01752686,1,0,1,0,0,0,,Academic
NCT04504916,1,0,0,0,0,0,,Other
NCT04602117,1,0,0,0,0,0,,Other
NCT02460224,2,0,0,0,0,0,,Industry
NCT01964924,3,0,0,0,0,0,,Academic
NCT02527434,3,0,0,0,0,0,,Industry
NCT05905341,14,0,0,0,0,0,,Industry
NCT07020117,2,0,0,0,0,0,,Other
NCT03213041,3,1,1,0,0,0,,Academic
NCT03617341,1,0,0,0,0,0,,Academic
NCT02067741,1,0,0,0,0,0,,Other
NCT04711824,4,0,0,1,0,0,,Other
NCT06355024,2,0,0,0,0,0,,Academic
NCT05128734,2,0,0,1,0,0,,Other
NCT03337724,3,0,1,0,0,0,,Industry
NCT05386524,3,0,0,0,0,0,,Academic
NCT06958224,1,0,0,0,0,0,,Academic
NCT02012634,0,0,0,0,0,0,,Academic
NCT00868634,5,0,0,1,0,0,,Other
NCT04540224,1,0,0,0,0,0,,Academic
NCT03686124,5,0,0,0,0,0,,Other
NCT02546934,2,0,0,0,0,0,,Academic
NCT05347134,1,0,0,0,0,0,,Academic
NCT05585034,2,0,0,0,0,0,,Other
NCT03371017,5,1,1,0,0,0,,Industry
NCT05969041,1,0,0,0,0,0,,Other
NCT05103917,1,0,0,0,0,0,,Other
NCT02404441,1,0,0,0,0,0,,Industry
NCT04360941,2,0,0,0,0,0,,Other
NCT01272141,1,0,0,0,0,0,,Academic
NCT01929941,4,0,0,0,0,0,,Other
NCT06309459,1,0,0,0,0,0,,Academic
NCT06190600,3,0,0,0,0,0,,Other
NCT03012100,5,0,0,0,0,0,,Other
NCT04742959,2,0,0,0,0,0,,Other
NCT02048059,1,0,0,0,0,0,,Other
NCT02863900,1,0,0,0,0,0,,Other
NCT05673200,7,1,1,0,0,0,,Academic
NCT06165900,2,0,0,0,0,0,,Academic
NCT03364400,1,0,0,0,0,0,,Other
NCT03057600,2,0,1,0,0,0,,Other
NCT01641406,3,0,0,0,0,0,,Other
NCT04335006,3,0,0,0,0,0,,Other
NCT05234606,3,1,0,0,0,0,,Other
NCT04152499,1,0,0,0,0,0,,Other
NCT01650506,2,0,0,0,0,0,,Academic
NCT06182306,1,0,0,0,0,0,,Other
NCT01818999,2,0,0,0,0,0,,Academic
NCT04450706,2,0,0,0,0,0,,Academic
NCT05029999,3,0,0,0,0,0,,Academic
NCT04954599,3,0,1,0,0,0,,Academic
NCT07029399,1,0,0,0,0,0,,Other
NCT05368506,1,0,0,0,0,0,,Academic
NCT06382142,5,0,0,0,0,0,,Other
NCT05582499,17,0,1,1,0,0,,Academic
NCT05954442,2,0,0,0,0,0,,Academic
NCT02583542,2,0,0,0,0,0,,Academic
NCT07016399,12,1,1,0,0,0,,Other
NCT06851299,3,0,0,0,0,0,,Academic
NCT02732119,3,0,0,0,0,0,,Industry
NCT02539017,2,0,0,0,0,0,,Academic
NCT05455619,1,0,0,0,0,0,,Other
NCT02485119,1,0,0,0,0,0,,Other
NCT06819319,1,0,0,0,0,0,,Academic
NCT06476119,2,0,0,0,0,0,,Academic
NCT01624441,3,0,0,0,0,0,,Academic
NCT02001519,1,0,0,0,0,0,,Other
NCT05720117,1,0,0,0,0,0,,Other
NCT04225117,2,1,0,0,0,0,,Other
NCT01083641,1,0,0,0,0,0,,Academic
NCT04303741,3,0,0,0,0,0,,Academic
NCT02455141,3,0,0,0,0,0,,Academic
NCT01898117,4,0,1,0,0,0,,Academic
NCT06666517,3,0,0,0,0,0,,Academic
NCT05068141,2,0,0,0,0,0,,Other
NCT05101096,1,0,0,0,0,0,,Other
NCT04424641,1,0,0,0,0,0,,Other
NCT01931163,1,0,0,0,0,0,,Other
NCT04191135,4,1,1,1,0,0,,Other
NCT03164863,1,0,0,0,0,0,,Other
NCT02018458,2,0,0,0,0,0,,Academic
NCT04626635,5,0,0,1,0,0,,Other
NCT03821935,2,0,0,0,0,0,,Other
NCT03326258,5,1,0,0,0,0,,Academic
NCT02451735,2,0,0,0,0,0,,Academic
NCT05069935,5,0,0,0,0,0,,Other
NCT04225858,1,0,0,0,0,0,,Academic
NCT06797635,9,1,1,1,0,0,,Other
NCT06604858,3,1,1,0,0,0,,Other
NCT03855358,1,0,0,0,0,0,,Other
NCT02806258,2,0,0,0,0,0,,Academic
NCT07000396,0,0,0,0,0,0,,Academic
NCT04712396,2,0,0,0,0,0,,Industry
NCT03794596,3,0,0,0,0,0,,Other
NCT01069796,3,0,1,1,0,0,,Other
NCT06590558,7,0,0,0,0,0,,Academic
NCT02315196,7,0,1,0,0,0,,Academic
NCT02985658,3,0,1,0,0,0,,Academic
NCT01276496,4,0,1,0,0,0,,Academic
NCT01848834,1,1,0,0,0,0,,Other
NCT06167317,2,0,0,0,0,0,,Other
NCT03358017,3,0,0,0,0,0,,Academic
NCT06938724,1,0,0,0,0,0,,Other
NCT05565417,2,0,0,0,0,0,,Other
NCT02826434,3,0,0,0,0,0,,Academic
NCT03092934,1,0,0,0,0,0,,Other
NCT06885424,1,0,0,0,0,0,,Other
NCT00540358,2,0,0,0,0,0,,Other
NCT02926196,1,0,0,0,0,0,,Other
NCT03184558,1,0,0,0,0,0,,Other
NCT05455658,2,0,0,0,0,0,,Academic
NCT02375958,1,0,0,0,0,0,,Industry
NCT02299635,3,0,0,0,0,0,,Industry
NCT01216124,1,0,0,0,0,0,,Academic
NCT00516724,6,0,1,0,0,0,,Industry
NCT03267316,6,0,1,0,0,0,,Other
NCT03667716,2,0,0,0,0,0,,Other
NCT01147016,7,0,1,0,0,0,,Academic
NCT02694224,4,0,1,0,0,0,,Other
NCT06508216,2,0,0,0,0,0,,Other
NCT05620134,3,1,0,0,0,0,,Other
NCT00491816,1,0,0,0,0,0,,Academic
NCT02978716,3,0,1,0,0,0,,Other
NCT05807516,1,0,0,0,0,0,,Academic
NCT04677816,3,0,0,0,0,0,,Academic
NCT06380816,1,0,0,0,0,0,,Other
NCT03498716,4,1,1,0,0,0,,Industry
NCT04289935,1,0,0,0,0,0,,Other
NCT06299163,1,0,0,0,0,0,,Other
NCT01495663,1,0,0,0,0,0,,Other
NCT01818063,5,0,1,0,0,0,,Academic
NCT03107663,1,0,0,0,0,0,,Other
NCT02347163,1,0,0,0,0,0,,Academic
NCT04083963,4,0,1,0,0,0,,Academic
NCT00739063,1,0,0,0,0,0,,Other
NCT06962163,1,0,0,0,0,0,,Other
NCT01431196,1,0,0,0,0,0,,Other
NCT06685796,3,0,0,0,0,0,,Other
NCT05377996,1,0,0,0,0,0,,Other
NCT05383196,2,0,1,0,0,0,,Other
NCT06538896,2,0,0,0,0,0,,Academic
NCT02567396,3,0,0,0,0,0,,Academic
NCT03594396,2,0,0,1,0,0,,Academic
NCT04129996,1,0,0,0,0,0,,Academic
NCT01319539,4,0,0,0,0,0,,Academic
NCT04135586,2,0,0,0,0,0,,Other
NCT02605486,2,0,0,0,0,0,,Other
NCT03876886,5,0,1,0,0,0,,Other
NCT03316586,2,1,0,0,0,0,,Academic
NCT04537286,1,0,0,0,0,0,,Academic
NCT04320030,1,0,0,0,0,0,,Other
NCT05670925,1,0,0,0,0,0,,Academic
NCT02362230,1,0,0,0,0,0,,Academic
NCT02531425,1,0,0,0,0,0,,Other
NCT03941730,5,0,0,0,0,0,,Other
NCT06606730,2,1,0,0,0,0,,Other
NCT01145430,4,0,0,0,0,0,,Academic
NCT04136782,2,0,0,0,0,0,,Academic
NCT03735082,3,0,1,0,0,0,,Other
NCT02000882,3,0,0,1,0,0,,Other
NCT04455620,1,0,0,0,0,0,,Other
NCT05333874,2,0,0,0,0,0,,Academic
NCT06926920,1,0,0,0,0,0,,Other
NCT05834582,2,0,0,0,0,0,,Academic
NCT06672120,1,0,0,0,0,0,,Academic
NCT02413320,5,0,1,0,0,0,,Other
NCT04105582,1,0,0,0,0,0,,Other
NCT05770531,5,0,0,0,0,0,,Other
NCT05868226,4,0,0,0,0,0,,Other
NCT01528826,1,0,0,0,0,0,,Academic
NCT02833766,1,0,0,0,0,0,,Other
NCT03719326,4,0,0,0,0,0,,Other
NCT02535026,0,0,0,0,0,0,,Industry
NCT03932526,2,0,0,0,0,0,,Academic
NCT05686720,1,0,0,0,0,0,,Academic
NCT04613674,2,0,0,0,0,0,,Other
NCT00479674,3,0,1,1,0,0,,Academic
NCT02464774,4,0,0,0,0,0,,Other
NCT06085274,1,0,0,0,0,0,,Academic
NCT02954874,7,1,0,0,0,0,,Academic
NCT03539965,0,0,0,0,0,0,,Other
NCT04595565,4,0,1,0,0,0,,Other
NCT05115474,1,0,0,0,0,0,,Academic
NCT05318274,1,0,0,0,0,0,,Other
NCT02622074,6,1,1,0,0,0,,Other
NCT05107674,2,0,1,0,0,0,,Other
NCT05933265,3,0,0,1,0,0,,Other
NCT01251874,6,0,1,0,0,0,,Academic
NCT05062174,2,0,0,0,0,0,,Academic
NCT07062965,4,0,0,0,0,0,,Industry
NCT03102320,3,0,1,0,0,0,,Other
NCT04464174,5,0,1,0,0,0,,Other
NCT07012720,1,0,0,0,0,0,,Academic
NCT06371274,2,0,0,0,0,0,,Academic
NCT06087120,0,0,0,0,0,0,,Other
NCT03567720,5,1,0,0,0,0,,Other
NCT02266420,1,0,0,0,0,0,,Other
NCT02348320,1,0,0,0,0,0,,Academic
NCT06799065,1,0,0,0,0,0,,Other
NCT01337765,1,0,0,0,0,0,,Industry
NCT01201265,3,0,1,1,0,0,,Industry
NCT02576665,2,0,0,0,0,0,,Other
NCT04959474,7,0,0,0,0,0,,Academic
NCT03090165,3,0,0,0,0,0,,Other
NCT06393374,3,1,0,0,0,0,,Other
NCT03575065,1,0,0,0,0,0,,Other
NCT03175666,18,0,1,1,0,0,,Other
NCT01112826,1,0,0,0,0,0,,Academic
NCT06418126,7,0,0,0,0,0,,Other
NCT05491226,3,1,0,0,0,0,,Other
NCT05485766,5,1,1,1,0,0,,Academic
NCT01347866,4,0,0,0,0,0,,Industry
NCT06786026,3,0,0,1,0,0,,Academic
NCT05113966,2,0,0,0,0,0,,Other
NCT05756166,8,1,0,0,0,0,,Academic
NCT05325866,1,0,0,0,0,0,,Other
NCT03355066,1,0,0,0,0,0,,Other
NCT05684965,1,0,0,0,0,0,,Other
NCT05539365,6,1,0,0,0,0,,Academic
NCT06586866,1,0,0,0,0,0,,Other
NCT01576666,2,0,0,0,0,0,,Industry
NCT01514565,0,0,0,0,0,0,,Academic
NCT06328465,1,0,0,0,0,0,,Academic
NCT06744465,1,0,0,0,0,0,,Academic
NCT03518242,4,0,0,0,0,0,,Other
NCT06700070,1,0,0,0,0,0,,Other
NCT04739670,4,1,1,1,0,0,,Other
NCT05776875,3,0,0,1,0,0,,Academic
NCT04491942,3,0,1,0,0,0,,Academic
NCT01815242,3,0,1,0,0,0,,Other
NCT04787042,3,1,0,0,0,0,,Other
NCT06519370,5,0,0,0,0,0,,Other
NCT03542175,2,0,0,0,0,0,,Other
NCT06829199,9,1,1,0,0,0,,Other
NCT01276899,2,0,0,0,0,0,,Academic
NCT04745975,6,0,0,0,0,0,,Academic
NCT02866149,3,0,0,0,0,0,,Other
NCT06270706,2,1,0,0,0,0,,Other
NCT06078670,1,0,0,0,0,0,,Academic
NCT02302742,0,0,0,0,0,0,,Academic
NCT05957042,1,0,0,0,0,0,,Other
NCT02593175,3,0,1,0,0,0,,Other
NCT00930930,5,0,1,0,0,0,,Other
NCT05067530,3,0,1,0,0,0,,Academic
NCT03012230,3,1,0,0,0,0,,Other
NCT05233696,4,1,1,0,0,0,,Academic
NCT03729596,1,0,0,0,0,0,,Other
NCT05177796,6,1,1,0,0,0,,Other
NCT02203513,1,0,0,0,0,0,,Academic
NCT04817813,0,0,0,0,0,0,,Academic
NCT03958136,3,0,0,0,0,0,,Other
NCT04234113,2,1,0,0,0,0,,Other
NCT03343613,2,0,0,0,0,0,,Other
NCT05747313,1,0,0,0,0,0,,Academic
NCT03829436,4,0,0,0,0,0,,Other
NCT00600249,2,0,1,0,0,0,,Other
NCT06057636,2,0,0,0,0,0,,Academic
NCT05112536,6,0,1,0,0,0,,Other
NCT03154749,1,0,0,0,0,0,,Academic
NCT01623349,2,0,0,0,0,0,,Academic
NCT01151449,2,0,0,0,0,0,,Academic
NCT06993506,1,0,0,0,0,0,,Academic
NCT04674306,2,0,0,0,0,0,,Other
NCT00674206,2,0,0,0,0,0,,Academic
NCT02685306,2,0,0,0,0,0,,Other
NCT04333706,3,0,0,0,0,0,,Academic
NCT05438706,4,0,1,0,0,0,,Academic
NCT05215106,1,0,0,0,0,0,,Other
NCT02125006,1,0,0,0,0,0,,Academic
NCT01918306,5,0,1,0,0,0,,Other
NCT04441099,1,0,0,0,0,0,,Other
NCT05007106,12,1,1,1,0,0,,Other
NCT06798506,0,0,0,0,0,0,,Academic
NCT03167619,2,0,0,0,0,0,,Academic
NCT06827613,2,0,0,0,0,0,,Other
NCT06827236,2,0,0,0,0,0,,Other
NCT00892736,3,0,0,0,0,0,,Academic
NCT05999149,2,0,0,0,0,0,,Academic
NCT04468113,1,0,0,0,0,0,,Other
NCT00998036,3,0,1,0,0,0,,Academic
NCT03251313,4,0,0,0,0,0,,Academic
NCT03800836,5,1,1,0,0,0,,Industry
NCT02035813,2,0,0,0,0,0,,Other
NCT04485013,7,1,0,0,0,0,,Other
NCT04345913,6,0,0,0,0,0,,Academic
NCT06202313,2,0,0,0,0,0,,Academic
NCT01150513,2,0,0,0,0,0,,Other
NCT02498613,5,0,0,1,0,0,,Academic
NCT05250336,1,0,0,0,0,0,,Academic
NCT06876636,1,0,0,0,0,0,,Academic
NCT06505018,1,0,0,0,0,0,,Other
NCT05866432,1,0,0,0,0,0,,Academic
NCT06351332,3,1,1,0,0,0,,Other
NCT01451632,3,0,0,0,0,0,,Other
NCT00630032,5,0,1,0,0,0,,Other
NCT02531932,2,0,1,0,0,0,,Other
NCT03808337,2,0,0,0,0,0,,Other
NCT05629585,4,1,0,0,0,0,,Industry
NCT01884285,6,0,0,0,0,0,,Industry
NCT03121352,3,1,1,0,0,0,,Other
NCT04958785,4,0,1,0,0,0,,Other
NCT03387085,18,0,1,1,0,0,,Other
NCT02661100,3,1,0,0,0,0,,Other
NCT05556200,2,0,0,0,0,0,,Academic
NCT03907800,3,0,1,0,0,0,,Academic
NCT03549000,3,0,0,0,0,0,,Industry
NCT03095352,3,1,1,1,0,0,,Other
NCT04193059,7,0,1,1,0,0,,Academic
NCT05809752,1,0,0,0,0,0,,Academic
NCT01631552,1,0,0,0,0,0,,Other
NCT06966700,10,1,1,1,0,0,,Other
NCT04304352,3,0,0,0,0,0,,Academic
NCT02783300,2,1,0,0,0,0,,Other
NCT01075100,2,0,1,0,0,0,,Other
NCT00938652,2,0,0,0,0,0,,Other
NCT02130700,2,0,0,0,0,0,,Other
NCT04986852,1,0,0,0,0,0,,Other
NCT05877859,0,0,0,0,0,0,,Academic
NCT06431100,1,0,0,0,0,0,,Other
NCT05749588,12,0,0,0,0,0,,Academic
NCT03251378,1,0,0,0,0,0,,Other
NCT03918278,7,1,1,0,0,0,,Other
NCT06367088,1,0,0,0,0,0,,Academic
NCT04303988,3,0,0,1,0,0,,Academic
NCT04711109,3,0,0,0,0,0,,Other
NCT00707707,2,0,1,0,0,0,,Industry
NCT04254107,3,0,0,0,0,0,,Other
NCT03920488,0,0,0,0,0,0,,Academic
NCT06889688,2,0,0,0,0,0,,Academic
NCT06318507,1,0,0,0,0,0,,Other
NCT03517488,1,0,0,0,0,0,,Other
NCT05760378,3,0,0,0,0,0,,Academic
NCT02264678,8,0,0,0,0,0,,Industry
NCT06950671,0,0,0,0,0,0,,Other
NCT01672671,1,0,0,0,0,0,,Other
NCT03036488,8,1,1,0,0,0,,Other
NCT05099978,1,0,0,0,0,0,,Other
NCT05219578,1,0,0,0,0,0,,Other
NCT03504488,2,0,0,0,0,0,,Other
NCT05302778,0,0,0,0,0,0,,Academic
NCT02353988,2,0,0,0,0,0,,Academic
NCT02301988,3,0,1,0,0,0,,Other
NCT03872388,2,0,0,0,0,0,,Other
NCT00463788,2,0,1,0,0,0,,Other
NCT05145907,1,0,0,0,0,0,,Other
NCT05812807,6,1,0,0,0,0,,Other
NCT06365788,2,0,0,0,0,0,,Other
NCT06682793,2,0,0,0,0,0,,Other
NCT03232593,1,1,0,0,0,0,,Industry
NCT05891171,5,0,0,0,0,0,,Other
NCT03915678,6,0,0,0,0,0,,Other
NCT04722978,2,0,0,0,0,0,,Academic
NCT00834678,3,0,0,0,0,0,,Academic
NCT02403271,2,0,0,0,0,0,,Other
NCT04879888,1,0,0,0,0,0,,Other
NCT04771871,4,0,1,0,0,0,,Academic
NCT01642771,2,0,0,0,0,0,,Other
NCT04180371,2,1,0,0,0,0,,Other
NCT04498793,5,0,0,0,0,0,,Academic
NCT05244993,3,0,0,0,0,0,,Academic
NCT03740893,3,0,0,1,0,0,,Academic
NCT06110793,3,0,0,0,0,0,,Other
NCT04320693,1,0,0,0,0,0,,Other
NCT03045393,1,0,0,0,0,0,,Academic
NCT00472693,1,0,0,0,0,0,,Other
NCT04185311,3,1,0,0,0,0,,Other
NCT04139993,1,0,0,0,0,0,,Other
NCT01857193,3,0,0,0,0,0,,Industry
NCT04427293,2,1,0,0,0,0,,Academic
NCT06231693,1,0,0,0,0,0,,Industry
NCT02682693,7,0,1,1,0,0,,Other
NCT03363893,2,0,0,0,0,0,,Other
NCT04039893,4,0,0,0,0,0,,Other
NCT05131893,10,0,1,1,0,0,,Academic
NCT02449993,1,0,0,0,0,0,,Other
NCT06894771,2,1,0,0,0,0,,Other
NCT03609671,2,0,0,0,0,0,,Other
NCT04913571,2,0,0,0,0,0,,Academic
NCT03519178,3,0,0,0,0,0,,Industry
NCT05475678,2,0,0,0,0,0,,Other
NCT03401385,3,0,0,0,0,0,,Other
NCT06955156,1,0,0,0,0,0,,Other
NCT03205761,1,0,0,1,0,0,,Other
NCT06067061,1,0,0,0,0,0,,Other
NCT03201861,2,0,0,0,0,0,,Academic
NCT04468061,2,1,0,0,0,0,,Academic
NCT00640861,7,0,0,0,0,0,,Other
NCT01920061,4,0,1,0,0,0,,Industry
NCT07021261,2,0,0,0,0,0,,Academic
NCT04836156,2,0,0,0,0,0,,Academic
NCT02411656,2,1,0,0,0,0,,Other
NCT02038699,1,0,0,0,0,0,,Other
NCT05382299,5,0,1,0,0,0,,Other
NCT02221999,4,0,1,0,0,0,,Academic
NCT04138719,2,0,0,0,0,0,,Academic
NCT03805399,7,0,0,0,0,0,,Academic
NCT06439771,1,0,0,0,0,0,,Other
NCT00022516,2,0,0,0,0,0,,Other
NCT01777932,0,0,0,0,0,0,,Industry
NCT02639832,1,0,0,0,0,0,,Other
NCT00813956,1,0,0,0,0,0,,Other
NCT01395056,0,0,0,0,0,0,,Academic
NCT05768932,3,0,1,0,0,0,,Other
NCT06342037,3,1,0,0,0,0,,Academic
NCT01234532,4,0,0,0,0,0,,Academic
NCT05035745,2,0,0,0,0,0,,Academic
NCT04634747,1,0,0,0,0,0,,Other
NCT02401347,1,0,0,0,0,0,,Other
NCT04099277,2,1,0,0,0,0,,Other
NCT02834247,2,1,0,0,0,0,,Other
NCT02032277,7,0,1,0,0,0,,Other
NCT02595905,4,0,1,0,0,0,,Academic
NCT05093387,3,1,1,0,0,0,,Academic
NCT02641847,5,0,1,0,0,0,,Academic
NCT03225547,2,1,0,0,0,0,,Academic
NCT02648477,6,1,0,0,0,0,,Other
NCT05570253,3,0,0,0,0,0,,Other
NCT04266353,1,0,0,0,0,0,,Academic
NCT04251533,3,0,0,0,0,0,,Industry
NCT06684054,1,0,0,0,0,0,,Academic
NCT03925233,29,0,1,1,0,0,,Academic
NCT06431633,4,0,1,0,0,0,,Other
NCT04119154,1,0,0,0,0,0,,Other
NCT00576654,4,0,0,0,0,0,,Academic
NCT03394287,2,0,0,0,0,0,,Academic
NCT02547987,2,0,1,0,0,0,,Other
NCT06387628,4,0,0,0,0,0,,Academic
NCT06908928,2,0,0,0,0,0,,Other
NCT04890028,1,0,0,0,0,0,,Other
NCT05746728,2,0,0,0,0,0,,Other
NCT05111561,6,0,0,0,0,0,,Academic
NCT03145961,1,1,0,0,0,0,,Academic
NCT02934828,2,0,0,0,0,0,,Other
NCT01936961,2,0,0,0,0,0,,Other
NCT06965361,2,0,1,0,0,0,,Academic
NCT03756298,2,1,0,0,0,0,,Other
NCT05203445,2,1,0,1,0,0,,Other
NCT04683445,6,1,0,1,0,0,,Academic
NCT03396445,5,1,1,0,0,0,,Other
NCT02543645,1,0,0,0,0,0,,Other
NCT03752398,2,0,0,0,0,0,,Other
NCT03348098,2,0,1,0,0,0,,Academic
NCT03961698,4,1,0,1,0,0,,Other
NCT03881605,1,0,0,0,0,0,,Other
NCT05681728,4,1,1,0,0,0,,Academic
NCT04148911,2,1,0,0,0,0,,Industry
NCT05692661,1,0,0,0,0,0,,Other
NCT07045311,2,0,0,0,0,0,,Other
NCT00897728,1,0,0,0,0,0,,Other
NCT04610528,2,0,0,0,0,0,,Other
NCT02341911,2,0,0,0,0,0,,Academic
NCT01216111,2,0,0,0,0,0,,Academic
NCT03775928,2,0,0,0,0,0,,Academic
NCT00246571,2,0,0,0,0,0,,Industry
NCT03123211,1,0,0,0,0,0,,Other
NCT03812393,1,0,0,0,0,0,,Other
NCT04486911,1,0,0,0,0,0,,Academic
NCT02482311,1,0,0,0,0,0,,Industry
NCT03164993,4,1,0,0,0,0,,Academic
NCT05071911,1,0,0,0,0,0,,Other
NCT04268693,1,0,0,0,0,0,,Academic
NCT06781983,1,0,0,0,0,0,,Other
NCT03018405,1,0,0,0,0,0,,Other
NCT05660083,1,0,0,0,0,0,,Academic
NCT06963905,3,1,0,0,0,0,,Academic
NCT04790305,1,0,0,0,0,0,,Academic
NCT06451497,1,0,0,0,0,0,,Other
NCT03586297,0,0,0,0,0,0,,Other
NCT03330847,3,0,0,0,0,0,,Industry
NCT02511847,1,0,0,0,0,0,,Academic
NCT04639245,5,1,0,0,0,0,,Other
NCT04348747,2,1,0,0,0,0,,Academic
NCT03654547,1,0,0,0,0,0,,Other
NCT04145947,0,0,0,0,0,0,,Academic
NCT06586047,1,0,0,0,0,0,,Other
NCT05001347,1,0,0,0,0,0,,Other
NCT02983045,4,0,0,0,0,0,,Other
NCT05078047,1,0,0,0,0,0,,Other
NCT05192798,3,0,0,1,0,0,,Academic
NCT00448305,3,0,1,0,0,0,,Other
NCT06492005,2,0,0,0,0,0,,Other
NCT06632405,3,0,0,0,0,0,,Academic
NCT03872505,4,0,1,0,0,0,,Other
NCT03623945,1,0,0,0,0,0,,Other
NCT03330405,4,0,0,0,0,0,,Industry
NCT05498597,1,0,0,0,0,0,,Other
NCT04676997,4,0,0,0,0,0,,Academic
NCT05746897,2,0,0,0,0,0,,Other
NCT06176261,1,0,0,0,0,0,,Other
NCT03004183,4,1,0,0,0,0,,Academic
NCT06610097,1,0,0,0,0,0,,Other
NCT06710197,1,0,0,0,0,0,,Academic
NCT03601897,2,0,1,0,0,0,,Other
NCT04574583,4,0,0,0,0,0,,Academic
NCT01009983,5,0,1,0,0,0,,Academic
NCT04835597,2,0,0,0,0,0,,Other
NCT06318897,5,1,1,0,0,0,,Other
NCT05058183,1,0,0,0,0,0,,Other
NCT04158583,1,0,0,0,0,0,,Industry
NCT00679783,1,0,0,0,0,0,,Industry
NCT03101683,1,0,0,0,0,0,,Other
NCT06782698,2,0,0,0,0,0,,Academic
NCT02422498,3,0,1,0,0,0,,Other
NCT04248998,3,0,0,0,0,0,,Other
NCT06401005,1,0,0,0,0,0,,Academic
NCT02183805,1,0,0,0,0,0,,Academic
NCT01195298,1,0,0,0,0,0,,Other
NCT02129205,2,0,0,0,0,0,,Industry
NCT03424005,19,1,0,1,0,0,,Industry
NCT04213898,1,0,0,0,0,0,,Academic
NCT04405505,3,0,0,0,0,0,,Other
NCT06616987,1,0,0,0,0,0,,Other
NCT03165487,2,0,0,0,0,0,,Academic
NCT02670577,0,0,0,0,0,0,,Other
NCT05714553,4,1,1,0,0,0,,Other
NCT01155453,2,0,0,0,0,0,,Industry
NCT02580747,1,0,0,0,0,0,,Academic
NCT03106077,1,0,0,0,0,0,,Other
NCT06833853,0,0,0,0,0,0,,Other
NCT03151447,1,0,0,0,0,0,,Academic
NCT01770353,2,0,0,0,0,0,,Other
NCT04133077,1,0,0,0,0,0,,Other
NCT03876951,1,0,0,0,0,0,,Other
NCT04638751,4,0,0,0,0,0,,Other
NCT06709651,0,0,0,0,0,0,,Academic
NCT05071677,3,0,0,0,0,0,,Other
NCT06731153,3,0,0,0,0,0,,Academic
NCT02744053,4,0,0,0,0,0,,Other
NCT00130533,1,0,0,0,0,0,,Other
NCT03821454,2,0,0,0,0,0,,Academic
NCT03911453,1,0,0,0,0,0,,Academic
NCT01939054,3,0,1,0,0,0,,Other
NCT04418154,4,0,0,0,0,0,,Academic
NCT02368951,1,0,0,0,0,0,,Other
NCT06396754,1,0,0,0,0,0,,Academic
NCT06162351,1,0,0,0,0,0,,Other
NCT00717951,1,0,0,0,0,0,,Other
NCT04975451,1,0,0,0,0,0,,Other
NCT01596751,2,0,0,0,0,0,,Other
NCT05867251,8,0,1,0,0,0,,Other
NCT01876251,5,0,1,0,0,0,,Industry
NCT05253053,3,0,0,0,0,0,,Other
NCT06435351,2,0,0,0,0,0,,Academic
NCT05274451,1,0,0,0,0,0,,Other
NCT02839954,1,0,0,0,0,0,,Other
NCT07011654,2,0,0,0,0,0,,Other
NCT06841354,7,1,1,0,0,0,,Other
NCT02089854,1,0,0,0,0,0,,Academic
NCT03915951,2,0,0,0,0,0,,Industry
NCT05633654,3,1,0,0,0,0,,Other
NCT03096054,1,0,0,0,0,0,,Other
NCT04909554,0,0,0,0,0,0,,Academic
NCT06793553,1,0,0,0,0,0,,Other
NCT06143553,6,0,0,0,0,0,,Other
NCT03254654,2,0,0,0,0,0,,Academic
NCT00951054,1,0,0,0,0,0,,Other
NCT05420454,11,0,1,1,0,0,,Academic
NCT04101851,1,0,0,0,0,0,,Other
NCT07015853,3,1,0,0,0,0,,Other
NCT03193853,2,0,0,0,0,0,,Other
NCT03454451,6,0,0,0,0,0,,Other
NCT03789851,1,0,0,0,0,0,,Academic
NCT04142554,1,0,0,0,0,0,,Other
NCT06498154,1,0,0,0,0,0,,Academic
NCT05212454,1,0,0,0,0,0,,Academic
NCT03983954,2,0,0,0,0,0,,Other
NCT01091454,2,0,1,0,0,0,,Other
NCT05403554,4,0,1,0,0,0,,Other
NCT03719833,0,0,0,0,0,0,,Academic
